updated,date through,zipcode,confirmed_cases\
4/5/20,3/30/20,91902,5\
4/5/20,3/30/20,91909,1\
4/5/20,3/30/20,91910,11\
4/5/20,3/30/20,91911,11\
4/5/20,3/30/20,91913,10\
4/5/20,3/30/20,91914,2\
4/5/20,3/30/20,91915,2\
4/5/20,3/30/20,91941,3\
4/5/20,3/30/20,91942,6\
4/5/20,3/30/20,91945,5\
4/5/20,3/30/20,91950,9\
4/5/20,3/30/20,91977,15\
4/5/20,3/30/20,91978,2\
4/5/20,3/30/20,92007,4\
4/5/20,3/30/20,92008,6\
4/5/20,3/30/20,92009,12\
4/5/20,3/30/20,92010,5\
4/5/20,3/30/20,92011,5\
4/5/20,3/30/20,92014,8\
4/5/20,3/30/20,92019,14\
4/5/20,3/30/20,92020,21\
4/5/20,3/30/20,92021,13\
4/5/20,3/30/20,92024,16\
4/5/20,3/30/20,92025,4\
4/5/20,3/30/20,92026,3\
4/5/20,3/30/20,92027,5\
4/5/20,3/30/20,92028,4\
4/5/20,3/30/20,92029,2\
4/5/20,3/30/20,92037,26\
4/5/20,3/30/20,92039,1\
4/5/20,3/30/20,92040,5\
4/5/20,3/30/20,92054,5\
4/5/20,3/30/20,92056,5\
4/5/20,3/30/20,92057,6\
4/5/20,3/30/20,92058,3\
4/5/20,3/30/20,92064,7\
4/5/20,3/30/20,92065,4\
4/5/20,3/30/20,92067,10\
4/5/20,3/30/20,92069,3\
4/5/20,3/30/20,92071,5\
4/5/20,3/30/20,92075,2\
4/5/20,3/30/20,92078,2\
4/5/20,3/30/20,92081,4\
4/5/20,3/30/20,92083,1\
4/5/20,3/30/20,92084,7\
4/5/20,3/30/20,92091,1\
4/5/20,3/30/20,92093,3\
4/5/20,3/30/20,92101,22\
4/5/20,3/30/20,92102,10\
4/5/20,3/30/20,92103,57\
4/5/20,3/30/20,92104,22\
4/5/20,3/30/20,92105,18\
4/5/20,3/30/20,92106,6\
4/5/20,3/30/20,92107,2\
4/5/20,3/30/20,92108,12\
4/5/20,3/30/20,92109,19\
4/5/20,3/30/20,92110,12\
4/5/20,3/30/20,92111,8\
4/5/20,3/30/20,92113,13\
4/5/20,3/30/20,92114,11\
4/5/20,3/30/20,92115,13\
4/5/20,3/30/20,92116,23\
4/5/20,3/30/20,92117,10\
4/5/20,3/30/20,92118,1\
4/5/20,3/30/20,92119,3\
4/5/20,3/30/20,92120,9\
4/5/20,3/30/20,92121,3\
4/5/20,3/30/20,92122,8\
4/5/20,3/30/20,92123,11\
4/5/20,3/30/20,92124,4\
4/5/20,3/30/20,92126,13\
4/5/20,3/30/20,92127,12\
4/5/20,3/30/20,92128,11\
4/5/20,3/30/20,92129,8\
4/5/20,3/30/20,92130,16\
4/5/20,3/30/20,92131,4\
4/5/20,3/30/20,92139,10\
4/5/20,3/30/20,92145,2\
4/5/20,3/30/20,92154,18\
4/5/20,3/30/20,92173,3\
4/5/20,3/30/20,92196,1\
4/5/20,3/30/20,Unknown*,35\
4/5/20,3/30/20,TOTAL,734\
4/5/20,3/31/20,91902,8\
4/5/20,3/31/20,91909,1\
4/5/20,3/31/20,91910,17\
4/5/20,3/31/20,91911,13\
4/5/20,3/31/20,91913,14\
4/5/20,3/31/20,91914,2\
4/5/20,3/31/20,91915,4\
4/5/20,3/31/20,91941,4\
4/5/20,3/31/20,91942,8\
4/5/20,3/31/20,91945,5\
4/5/20,3/31/20,91950,10\
4/5/20,3/31/20,91977,16\
4/5/20,3/31/20,91978,2\
4/5/20,3/31/20,92007,4\
4/5/20,3/31/20,92008,7\
4/5/20,3/31/20,92009,12\
4/5/20,3/31/20,92010,6\
4/5/20,3/31/20,92011,6\
4/5/20,3/31/20,92014,8\
4/5/20,3/31/20,92019,16\
4/5/20,3/31/20,92020,22\
4/5/20,3/31/20,92021,16\
4/5/20,3/31/20,92024,20\
4/5/20,3/31/20,92025,5\
4/5/20,3/31/20,92026,3\
4/5/20,3/31/20,92027,5\
4/5/20,3/31/20,92028,4\
4/5/20,3/31/20,92029,5\
4/5/20,3/31/20,92037,29\
4/5/20,3/31/20,92039,1\
4/5/20,3/31/20,92040,8\
4/5/20,3/31/20,92054,7\
4/5/20,3/31/20,92056,7\
4/5/20,3/31/20,92057,5\
4/5/20,3/31/20,92058,3\
4/5/20,3/31/20,92061,1\
4/5/20,3/31/20,92064,9\
4/5/20,3/31/20,92065,4\
4/5/20,3/31/20,92067,11\
4/5/20,3/31/20,92069,5\
4/5/20,3/31/20,92071,5\
4/5/20,3/31/20,92075,2\
4/5/20,3/31/20,92078,6\
4/5/20,3/31/20,92081,5\
4/5/20,3/31/20,92083,1\
4/5/20,3/31/20,92084,8\
4/5/20,3/31/20,92091,1\
4/5/20,3/31/20,92092,2\
4/5/20,3/31/20,92093,1\
4/5/20,3/31/20,92101,27\
4/5/20,3/31/20,92102,10\
4/5/20,3/31/20,92103,58\
4/5/20,3/31/20,92104,23\
4/5/20,3/31/20,92105,22\
4/5/20,3/31/20,92106,6\
4/5/20,3/31/20,92107,3\
4/5/20,3/31/20,92108,13\
4/5/20,3/31/20,92109,20\
4/5/20,3/31/20,92110,13\
4/5/20,3/31/20,92111,8\
4/5/20,3/31/20,92113,19\
4/5/20,3/31/20,92114,12\
4/5/20,3/31/20,92115,14\
4/5/20,3/31/20,92116,27\
4/5/20,3/31/20,92117,11\
4/5/20,3/31/20,92118,2\
4/5/20,3/31/20,92119,4\
4/5/20,3/31/20,92120,9\
4/5/20,3/31/20,92121,3\
4/5/20,3/31/20,92122,9\
4/5/20,3/31/20,92123,14\
4/5/20,3/31/20,92124,6\
4/5/20,3/31/20,92126,15\
4/5/20,3/31/20,92127,13\
4/5/20,3/31/20,92128,17\
4/5/20,3/31/20,92129,12\
4/5/20,3/31/20,92130,20\
4/5/20,3/31/20,92131,4\
4/5/20,3/31/20,92139,13\
4/5/20,3/31/20,92145,2\
4/5/20,3/31/20,92147,1\
4/5/20,3/31/20,92154,20\
4/5/20,3/31/20,92168,2\
4/5/20,3/31/20,92173,5\
4/5/20,3/31/20,92196,1\
4/5/20,3/31/20,Unknown*,27\
4/5/20,3/31/20,TOTAL,849\
4/5/20,4/1/20,91902,8\
4/5/20,4/1/20,91909,1\
4/5/20,4/1/20,91910,21\
4/5/20,4/1/20,91911,16\
4/5/20,4/1/20,91913,19\
4/5/20,4/1/20,91914,2\
4/5/20,4/1/20,91915,5\
4/5/20,4/1/20,91932,1\
4/5/20,4/1/20,91935,1\
4/5/20,4/1/20,91941,4\
4/5/20,4/1/20,91942,9\
4/5/20,4/1/20,91945,8\
4/5/20,4/1/20,91950,11\
4/5/20,4/1/20,91977,19\
4/5/20,4/1/20,91978,2\
4/5/20,4/1/20,92007,4\
4/5/20,4/1/20,92008,7\
4/5/20,4/1/20,92009,14\
4/5/20,4/1/20,92010,6\
4/5/20,4/1/20,92011,5\
4/5/20,4/1/20,92014,9\
4/5/20,4/1/20,92019,20\
4/5/20,4/1/20,92020,25\
4/5/20,4/1/20,92021,18\
4/5/20,4/1/20,92024,21\
4/5/20,4/1/20,92025,10\
4/5/20,4/1/20,92026,5\
4/5/20,4/1/20,92027,6\
4/5/20,4/1/20,92028,5\
4/5/20,4/1/20,92029,7\
4/5/20,4/1/20,92037,29\
4/5/20,4/1/20,92039,1\
4/5/20,4/1/20,92040,8\
4/5/20,4/1/20,92054,7\
4/5/20,4/1/20,92056,7\
4/5/20,4/1/20,92057,6\
4/5/20,4/1/20,92058,4\
4/5/20,4/1/20,92061,2\
4/5/20,4/1/20,92064,10\
4/5/20,4/1/20,92065,4\
4/5/20,4/1/20,92067,13\
4/5/20,4/1/20,92069,5\
4/5/20,4/1/20,92071,10\
4/5/20,4/1/20,92075,4\
4/5/20,4/1/20,92078,8\
4/5/20,4/1/20,92081,5\
4/5/20,4/1/20,92083,1\
4/5/20,4/1/20,92084,8\
4/5/20,4/1/20,92088,1\
4/5/20,4/1/20,92091,1\
4/5/20,4/1/20,92092,3\
4/5/20,4/1/20,92093,1\
4/5/20,4/1/20,92101,28\
4/5/20,4/1/20,92102,13\
4/5/20,4/1/20,92103,58\
4/5/20,4/1/20,92104,25\
4/5/20,4/1/20,92105,24\
4/5/20,4/1/20,92106,6\
4/5/20,4/1/20,92107,3\
4/5/20,4/1/20,92108,14\
4/5/20,4/1/20,92109,21\
4/5/20,4/1/20,92110,13\
4/5/20,4/1/20,92111,13\
4/5/20,4/1/20,92113,21\
4/5/20,4/1/20,92114,14\
4/5/20,4/1/20,92115,16\
4/5/20,4/1/20,92116,29\
4/5/20,4/1/20,92117,13\
4/5/20,4/1/20,92118,2\
4/5/20,4/1/20,92119,4\
4/5/20,4/1/20,92120,11\
4/5/20,4/1/20,92121,3\
4/5/20,4/1/20,92122,11\
4/5/20,4/1/20,92123,19\
4/5/20,4/1/20,92124,7\
4/5/20,4/1/20,92126,17\
4/5/20,4/1/20,92127,14\
4/5/20,4/1/20,92128,22\
4/5/20,4/1/20,92129,14\
4/5/20,4/1/20,92130,21\
4/5/20,4/1/20,92131,4\
4/5/20,4/1/20,92139,15\
4/5/20,4/1/20,92145,2\
4/5/20,4/1/20,92147,1\
4/5/20,4/1/20,92154,23\
4/5/20,4/1/20,92161,3\
4/5/20,4/1/20,92168,1\
4/5/20,4/1/20,92173,7\
4/5/20,4/1/20,92196,1\
4/5/20,4/1/20,Unknown*,26\
4/5/20,4/1/20,TOTAL,966\
4/5/20,4/2/20,91901,1\
4/5/20,4/2/20,91902,9\
4/5/20,4/2/20,91909,1\
4/5/20,4/2/20,91910,23\
4/5/20,4/2/20,91911,21\
4/5/20,4/2/20,91913,20\
4/5/20,4/2/20,91914,2\
4/5/20,4/2/20,91915,7\
4/5/20,4/2/20,91916,1\
4/5/20,4/2/20,91932,2\
4/5/20,4/2/20,91935,1\
4/5/20,4/2/20,91941,4\
4/5/20,4/2/20,91942,12\
4/5/20,4/2/20,91945,10\
4/5/20,4/2/20,91950,17\
4/5/20,4/2/20,91977,21\
4/5/20,4/2/20,91978,2\
4/5/20,4/2/20,92004,1\
4/5/20,4/2/20,92007,4\
4/5/20,4/2/20,92008,7\
4/5/20,4/2/20,92009,16\
4/5/20,4/2/20,92010,9\
4/5/20,4/2/20,92011,5\
4/5/20,4/2/20,92014,11\
4/5/20,4/2/20,92019,21\
4/5/20,4/2/20,92020,34\
4/5/20,4/2/20,92021,28\
4/5/20,4/2/20,92024,23\
4/5/20,4/2/20,92025,11\
4/5/20,4/2/20,92026,6\
4/5/20,4/2/20,92027,7\
4/5/20,4/2/20,92028,5\
4/5/20,4/2/20,92029,9\
4/5/20,4/2/20,92037,29\
4/5/20,4/2/20,92039,1\
4/5/20,4/2/20,92040,8\
4/5/20,4/2/20,92054,7\
4/5/20,4/2/20,92056,10\
4/5/20,4/2/20,92057,7\
4/5/20,4/2/20,92058,5\
4/5/20,4/2/20,92061,2\
4/5/20,4/2/20,92064,13\
4/5/20,4/2/20,92065,6\
4/5/20,4/2/20,92066,2\
4/5/20,4/2/20,92067,12\
4/5/20,4/2/20,92069,5\
4/5/20,4/2/20,92071,12\
4/5/20,4/2/20,92075,4\
4/5/20,4/2/20,92078,9\
4/5/20,4/2/20,92081,9\
4/5/20,4/2/20,92082,1\
4/5/20,4/2/20,92083,1\
4/5/20,4/2/20,92084,9\
4/5/20,4/2/20,92085,1\
4/5/20,4/2/20,92091,1\
4/5/20,4/2/20,92092,3\
4/5/20,4/2/20,92093,1\
4/5/20,4/2/20,92101,29\
4/5/20,4/2/20,92102,14\
4/5/20,4/2/20,92103,64\
4/5/20,4/2/20,92104,31\
4/5/20,4/2/20,92105,27\
4/5/20,4/2/20,92106,7\
4/5/20,4/2/20,92107,3\
4/5/20,4/2/20,92108,15\
4/5/20,4/2/20,92109,22\
4/5/20,4/2/20,92110,15\
4/5/20,4/2/20,92111,14\
4/5/20,4/2/20,92113,26\
4/5/20,4/2/20,92114,21\
4/5/20,4/2/20,92115,19\
4/5/20,4/2/20,92116,33\
4/5/20,4/2/20,92117,18\
4/5/20,4/2/20,92118,4\
4/5/20,4/2/20,92119,4\
4/5/20,4/2/20,92120,14\
4/5/20,4/2/20,92121,3\
4/5/20,4/2/20,92122,12\
4/5/20,4/2/20,92123,17\
4/5/20,4/2/20,92124,10\
4/5/20,4/2/20,92126,21\
4/5/20,4/2/20,92127,18\
4/5/20,4/2/20,92128,25\
4/5/20,4/2/20,92129,18\
4/5/20,4/2/20,92130,21\
4/5/20,4/2/20,92131,5\
4/5/20,4/2/20,92139,17\
4/5/20,4/2/20,92145,2\
4/5/20,4/2/20,92147,1\
4/5/20,4/2/20,92154,25\
4/5/20,4/2/20,92159,1\
4/5/20,4/2/20,92161,3\
4/5/20,4/2/20,92168,1\
4/5/20,4/2/20,92173,8\
4/5/20,4/2/20,92196,1\
4/5/20,4/2/20,Unknown*,14\
4/5/20,4/2/20,TOTAL,1112\
4/5/20,4/3/20,91901,1\
4/5/20,4/3/20,91902,10\
4/5/20,4/3/20,91909,1\
4/5/20,4/3/20,91910,28\
4/5/20,4/3/20,91911,24\
4/5/20,4/3/20,91913,21\
4/5/20,4/3/20,91914,3\
4/5/20,4/3/20,91915,8\
4/5/20,4/3/20,91916,1\
4/5/20,4/3/20,91932,3\
4/5/20,4/3/20,91935,1\
4/5/20,4/3/20,91941,8\
4/5/20,4/3/20,91942,12\
4/5/20,4/3/20,91945,13\
4/5/20,4/3/20,91950,18\
4/5/20,4/3/20,91977,24\
4/5/20,4/3/20,91978,3\
4/5/20,4/3/20,92004,1\
4/5/20,4/3/20,92007,4\
4/5/20,4/3/20,92008,8\
4/5/20,4/3/20,92009,16\
4/5/20,4/3/20,92010,9\
4/5/20,4/3/20,92011,6\
4/5/20,4/3/20,92014,12\
4/5/20,4/3/20,92019,26\
4/5/20,4/3/20,92020,39\
4/5/20,4/3/20,92021,28\
4/5/20,4/3/20,92024,23\
4/5/20,4/3/20,92025,12\
4/5/20,4/3/20,92026,7\
4/5/20,4/3/20,92027,6\
4/5/20,4/3/20,92028,6\
4/5/20,4/3/20,92029,9\
4/5/20,4/3/20,92037,31\
4/5/20,4/3/20,92039,1\
4/5/20,4/3/20,92040,9\
4/5/20,4/3/20,92054,8\
4/5/20,4/3/20,92056,11\
4/5/20,4/3/20,92057,7\
4/5/20,4/3/20,92058,5\
4/5/20,4/3/20,92061,2\
4/5/20,4/3/20,92064,13\
4/5/20,4/3/20,92065,7\
4/5/20,4/3/20,92066,2\
4/5/20,4/3/20,92067,12\
4/5/20,4/3/20,92069,7\
4/5/20,4/3/20,92071,14\
4/5/20,4/3/20,92075,4\
4/5/20,4/3/20,92078,11\
4/5/20,4/3/20,92081,10\
4/5/20,4/3/20,92082,3\
4/5/20,4/3/20,92083,2\
4/5/20,4/3/20,92084,10\
4/5/20,4/3/20,92085,1\
4/5/20,4/3/20,92091,2\
4/5/20,4/3/20,92093,4\
4/5/20,4/3/20,92101,29\
4/5/20,4/3/20,92102,14\
4/5/20,4/3/20,92103,65\
4/5/20,4/3/20,92104,34\
4/5/20,4/3/20,92105,29\
4/5/20,4/3/20,92106,9\
4/5/20,4/3/20,92107,3\
4/5/20,4/3/20,92108,14\
4/5/20,4/3/20,92109,24\
4/5/20,4/3/20,92110,15\
4/5/20,4/3/20,92111,15\
4/5/20,4/3/20,92113,29\
4/5/20,4/3/20,92114,24\
4/5/20,4/3/20,92115,21\
4/5/20,4/3/20,92116,31\
4/5/20,4/3/20,92117,19\
4/5/20,4/3/20,92118,4\
4/5/20,4/3/20,92119,6\
4/5/20,4/3/20,92120,16\
4/5/20,4/3/20,92121,3\
4/5/20,4/3/20,92122,13\
4/5/20,4/3/20,92123,16\
4/5/20,4/3/20,92124,11\
4/5/20,4/3/20,92126,22\
4/5/20,4/3/20,92127,19\
4/5/20,4/3/20,92128,25\
4/5/20,4/3/20,92129,18\
4/5/20,4/3/20,92130,21\
4/5/20,4/3/20,92131,6\
4/5/20,4/3/20,92136,2\
4/5/20,4/3/20,92139,18\
4/5/20,4/3/20,92145,1\
4/5/20,4/3/20,92154,28\
4/5/20,4/3/20,92161,2\
4/5/20,4/3/20,92168,1\
4/5/20,4/3/20,92173,12\
4/5/20,4/3/20,92196,1\
4/5/20,4/3/20,Unknown*,22\
4/5/20,4/3/20,TOTAL,1209\
4/6/20,4/5/20,91901,1\
4/6/20,4/5/20,91902,11\
4/6/20,4/5/20,91909,1\
4/6/20,4/5/20,91910,30\
4/6/20,4/5/20,91911,29\
4/6/20,4/5/20,91913,25\
4/6/20,4/5/20,91914,4\
4/6/20,4/5/20,91915,12\
4/6/20,4/5/20,91916,1\
4/6/20,4/5/20,91932,7\
4/6/20,4/5/20,91935,2\
4/6/20,4/5/20,91941,8\
4/6/20,4/5/20,91942,17\
4/6/20,4/5/20,91945,13\
4/6/20,4/5/20,91950,25\
4/6/20,4/5/20,91977,30\
4/6/20,4/5/20,91978,4\
4/6/20,4/5/20,92004,1\
4/6/20,4/5/20,92007,4\
4/6/20,4/5/20,92008,8\
4/6/20,4/5/20,92009,17\
4/6/20,4/5/20,92010,9\
4/6/20,4/5/20,92011,8\
4/6/20,4/5/20,92014,13\
4/6/20,4/5/20,92019,30\
4/6/20,4/5/20,92020,44\
4/6/20,4/5/20,92021,33\
4/6/20,4/5/20,92024,26\
4/6/20,4/5/20,92025,12\
4/6/20,4/5/20,92026,8\
4/6/20,4/5/20,92027,7\
4/6/20,4/5/20,92028,6\
4/6/20,4/5/20,92029,10\
4/6/20,4/5/20,92037,32\
4/6/20,4/5/20,92039,1\
4/6/20,4/5/20,92040,12\
4/6/20,4/5/20,92054,8\
4/6/20,4/5/20,92056,11\
4/6/20,4/5/20,92057,8\
4/6/20,4/5/20,92058,6\
4/6/20,4/5/20,92061,2\
4/6/20,4/5/20,92064,14\
4/6/20,4/5/20,92065,8\
4/6/20,4/5/20,92066,2\
4/6/20,4/5/20,92067,12\
4/6/20,4/5/20,92069,9\
4/6/20,4/5/20,92071,15\
4/6/20,4/5/20,92075,4\
4/6/20,4/5/20,92078,12\
4/6/20,4/5/20,92081,10\
4/6/20,4/5/20,92082,3\
4/6/20,4/5/20,92083,6\
4/6/20,4/5/20,92084,10\
4/6/20,4/5/20,92085,1\
4/6/20,4/5/20,92091,2\
4/6/20,4/5/20,92093,4\
4/6/20,4/5/20,92101,34\
4/6/20,4/5/20,92102,17\
4/6/20,4/5/20,92103,66\
4/6/20,4/5/20,92104,33\
4/6/20,4/5/20,92105,31\
4/6/20,4/5/20,92106,9\
4/6/20,4/5/20,92107,3\
4/6/20,4/5/20,92108,15\
4/6/20,4/5/20,92109,25\
4/6/20,4/5/20,92110,15\
4/6/20,4/5/20,92111,18\
4/6/20,4/5/20,92113,35\
4/6/20,4/5/20,92114,27\
4/6/20,4/5/20,92115,25\
4/6/20,4/5/20,92116,34\
4/6/20,4/5/20,92117,19\
4/6/20,4/5/20,92118,4\
4/6/20,4/5/20,92119,8\
4/6/20,4/5/20,92120,20\
4/6/20,4/5/20,92121,3\
4/6/20,4/5/20,92122,14\
4/6/20,4/5/20,92123,17\
4/6/20,4/5/20,92124,14\
4/6/20,4/5/20,92126,26\
4/6/20,4/5/20,92127,20\
4/6/20,4/5/20,92128,26\
4/6/20,4/5/20,92129,18\
4/6/20,4/5/20,92130,22\
4/6/20,4/5/20,92131,6\
4/6/20,4/5/20,92136,2\
4/6/20,4/5/20,92139,20\
4/6/20,4/5/20,92145,1\
4/6/20,4/5/20,92154,32\
4/6/20,4/5/20,92161,2\
4/6/20,4/5/20,92168,1\
4/6/20,4/5/20,92173,17\
4/6/20,4/5/20,92196,1\
4/6/20,4/5/20,Unknown*,76\
4/6/20,4/5/20,TOTAL,1404\
4/8/20,4/6/20,91901,1\
4/8/20,4/6/20,91902,14\
4/8/20,4/6/20,91909,1\
4/8/20,4/6/20,91910,34\
4/8/20,4/6/20,91911,35\
4/8/20,4/6/20,91913,26\
4/8/20,4/6/20,91914,6\
4/8/20,4/6/20,91915,14\
4/8/20,4/6/20,91916,1\
4/8/20,4/6/20,91932,7\
4/8/20,4/6/20,91935,3\
4/8/20,4/6/20,91941,8\
4/8/20,4/6/20,91942,19\
4/8/20,4/6/20,91945,14\
4/8/20,4/6/20,91950,25\
4/8/20,4/6/20,91977,30\
4/8/20,4/6/20,91978,4\
4/8/20,4/6/20,92004,1\
4/8/20,4/6/20,92007,4\
4/8/20,4/6/20,92008,8\
4/8/20,4/6/20,92009,17\
4/8/20,4/6/20,92010,9\
4/8/20,4/6/20,92011,8\
4/8/20,4/6/20,92014,13\
4/8/20,4/6/20,92019,32\
4/8/20,4/6/20,92020,47\
4/8/20,4/6/20,92021,42\
4/8/20,4/6/20,92024,26\
4/8/20,4/6/20,92025,13\
4/8/20,4/6/20,92026,9\
4/8/20,4/6/20,92027,9\
4/8/20,4/6/20,92028,6\
4/8/20,4/6/20,92029,11\
4/8/20,4/6/20,92037,32\
4/8/20,4/6/20,92039,1\
4/8/20,4/6/20,92040,14\
4/8/20,4/6/20,92054,8\
4/8/20,4/6/20,92056,11\
4/8/20,4/6/20,92057,8\
4/8/20,4/6/20,92058,6\
4/8/20,4/6/20,92061,2\
4/8/20,4/6/20,92064,15\
4/8/20,4/6/20,92065,9\
4/8/20,4/6/20,92066,2\
4/8/20,4/6/20,92067,12\
4/8/20,4/6/20,92069,10\
4/8/20,4/6/20,92071,15\
4/8/20,4/6/20,92075,4\
4/8/20,4/6/20,92078,12\
4/8/20,4/6/20,92081,10\
4/8/20,4/6/20,92082,3\
4/8/20,4/6/20,92083,6\
4/8/20,4/6/20,92084,10\
4/8/20,4/6/20,92085,1\
4/8/20,4/6/20,92091,2\
4/8/20,4/6/20,92093,4\
4/8/20,4/6/20,92101,37\
4/8/20,4/6/20,92102,20\
4/8/20,4/6/20,92103,67\
4/8/20,4/6/20,92104,36\
4/8/20,4/6/20,92105,37\
4/8/20,4/6/20,92106,9\
4/8/20,4/6/20,92107,3\
4/8/20,4/6/20,92108,15\
4/8/20,4/6/20,92109,25\
4/8/20,4/6/20,92110,17\
4/8/20,4/6/20,92111,18\
4/8/20,4/6/20,92113,38\
4/8/20,4/6/20,92114,30\
4/8/20,4/6/20,92115,28\
4/8/20,4/6/20,92116,35\
4/8/20,4/6/20,92117,21\
4/8/20,4/6/20,92118,4\
4/8/20,4/6/20,92119,8\
4/8/20,4/6/20,92120,20\
4/8/20,4/6/20,92121,3\
4/8/20,4/6/20,92122,14\
4/8/20,4/6/20,92123,17\
4/8/20,4/6/20,92124,14\
4/8/20,4/6/20,92126,28\
4/8/20,4/6/20,92127,20\
4/8/20,4/6/20,92128,26\
4/8/20,4/6/20,92129,18\
4/8/20,4/6/20,92130,22\
4/8/20,4/6/20,92131,6\
4/8/20,4/6/20,92136,2\
4/8/20,4/6/20,92139,20\
4/8/20,4/6/20,92145,1\
4/8/20,4/6/20,92154,41\
4/8/20,4/6/20,92161,2\
4/8/20,4/6/20,92168,1\
4/8/20,4/6/20,92173,18\
4/8/20,4/6/20,92196,1\
4/8/20,4/6/20,Unknown*,38\
4/8/20,4/6/20,TOTAL,1454\
4/8/20,4/7/20,91901,1\
4/8/20,4/7/20,91902,16\
4/8/20,4/7/20,91910,39\
4/8/20,4/7/20,91911,38\
4/8/20,4/7/20,91913,28\
4/8/20,4/7/20,91914,7\
4/8/20,4/7/20,91915,16\
4/8/20,4/7/20,91916,1\
4/8/20,4/7/20,91932,9\
4/8/20,4/7/20,91935,3\
4/8/20,4/7/20,91941,9\
4/8/20,4/7/20,91942,20\
4/8/20,4/7/20,91945,14\
4/8/20,4/7/20,91950,28\
4/8/20,4/7/20,91977,32\
4/8/20,4/7/20,91978,5\
4/8/20,4/7/20,92004,1\
4/8/20,4/7/20,92007,4\
4/8/20,4/7/20,92008,8\
4/8/20,4/7/20,92009,17\
4/8/20,4/7/20,92010,10\
4/8/20,4/7/20,92011,8\
4/8/20,4/7/20,92014,13\
4/8/20,4/7/20,92019,35\
4/8/20,4/7/20,92020,50\
4/8/20,4/7/20,92021,45\
4/8/20,4/7/20,92024,28\
4/8/20,4/7/20,92025,13\
4/8/20,4/7/20,92026,9\
4/8/20,4/7/20,92027,13\
4/8/20,4/7/20,92028,6\
4/8/20,4/7/20,92029,12\
4/8/20,4/7/20,92037,33\
4/8/20,4/7/20,92040,14\
4/8/20,4/7/20,92054,8\
4/8/20,4/7/20,92056,12\
4/8/20,4/7/20,92057,9\
4/8/20,4/7/20,92058,7\
4/8/20,4/7/20,92061,2\
4/8/20,4/7/20,92064,16\
4/8/20,4/7/20,92065,10\
4/8/20,4/7/20,92066,2\
4/8/20,4/7/20,92067,12\
4/8/20,4/7/20,92069,10\
4/8/20,4/7/20,92071,15\
4/8/20,4/7/20,92075,4\
4/8/20,4/7/20,92078,13\
4/8/20,4/7/20,92081,11\
4/8/20,4/7/20,92082,3\
4/8/20,4/7/20,92083,9\
4/8/20,4/7/20,92084,10\
4/8/20,4/7/20,92091,2\
4/8/20,4/7/20,92093,4\
4/8/20,4/7/20,92101,38\
4/8/20,4/7/20,92102,21\
4/8/20,4/7/20,92103,70\
4/8/20,4/7/20,92104,36\
4/8/20,4/7/20,92105,41\
4/8/20,4/7/20,92106,9\
4/8/20,4/7/20,92107,3\
4/8/20,4/7/20,92108,17\
4/8/20,4/7/20,92109,27\
4/8/20,4/7/20,92110,17\
4/8/20,4/7/20,92111,19\
4/8/20,4/7/20,92113,40\
4/8/20,4/7/20,92114,31\
4/8/20,4/7/20,92115,31\
4/8/20,4/7/20,92116,34\
4/8/20,4/7/20,92117,21\
4/8/20,4/7/20,92118,4\
4/8/20,4/7/20,92119,9\
4/8/20,4/7/20,92120,20\
4/8/20,4/7/20,92121,3\
4/8/20,4/7/20,92122,15\
4/8/20,4/7/20,92123,17\
4/8/20,4/7/20,92124,14\
4/8/20,4/7/20,92126,31\
4/8/20,4/7/20,92127,20\
4/8/20,4/7/20,92128,26\
4/8/20,4/7/20,92129,19\
4/8/20,4/7/20,92130,22\
4/8/20,4/7/20,92131,6\
4/8/20,4/7/20,92136,3\
4/8/20,4/7/20,92139,23\
4/8/20,4/7/20,92154,48\
4/8/20,4/7/20,92161,2\
4/8/20,4/7/20,92173,20\
4/8/20,4/7/20,Unknown*,29\
4/8/20,4/7/20,TOTAL,1530\
4/9/20,4/7/20,91901,1\
4/9/20,4/7/20,91902,16\
4/9/20,4/7/20,91910,39\
4/9/20,4/7/20,91911,38\
4/9/20,4/7/20,91913,28\
4/9/20,4/7/20,91914,7\
4/9/20,4/7/20,91915,16\
4/9/20,4/7/20,91916,1\
4/9/20,4/7/20,91932,9\
4/9/20,4/7/20,91935,3\
4/9/20,4/7/20,91941,9\
4/9/20,4/7/20,91942,20\
4/9/20,4/7/20,91945,14\
4/9/20,4/7/20,91950,28\
4/9/20,4/7/20,91977,32\
4/9/20,4/7/20,91978,5\
4/9/20,4/7/20,92004,1\
4/9/20,4/7/20,92007,4\
4/9/20,4/7/20,92008,8\
4/9/20,4/7/20,92009,17\
4/9/20,4/7/20,92010,10\
4/9/20,4/7/20,92011,8\
4/9/20,4/7/20,92014,13\
4/9/20,4/7/20,92019,35\
4/9/20,4/7/20,92020,50\
4/9/20,4/7/20,92021,45\
4/9/20,4/7/20,92024,28\
4/9/20,4/7/20,92025,13\
4/9/20,4/7/20,92026,9\
4/9/20,4/7/20,92027,13\
4/9/20,4/7/20,92028,6\
4/9/20,4/7/20,92029,12\
4/9/20,4/7/20,92037,33\
4/9/20,4/7/20,92040,14\
4/9/20,4/7/20,92054,8\
4/9/20,4/7/20,92056,12\
4/9/20,4/7/20,92057,9\
4/9/20,4/7/20,92058,7\
4/9/20,4/7/20,92061,2\
4/9/20,4/7/20,92064,16\
4/9/20,4/7/20,92065,10\
4/9/20,4/7/20,92066,2\
4/9/20,4/7/20,92067,12\
4/9/20,4/7/20,92069,10\
4/9/20,4/7/20,92071,15\
4/9/20,4/7/20,92075,4\
4/9/20,4/7/20,92078,13\
4/9/20,4/7/20,92081,11\
4/9/20,4/7/20,92082,3\
4/9/20,4/7/20,92083,9\
4/9/20,4/7/20,92084,10\
4/9/20,4/7/20,92091,2\
4/9/20,4/7/20,92093,4\
4/9/20,4/7/20,92101,38\
4/9/20,4/7/20,92102,21\
4/9/20,4/7/20,92103,70\
4/9/20,4/7/20,92104,36\
4/9/20,4/7/20,92105,41\
4/9/20,4/7/20,92106,9\
4/9/20,4/7/20,92107,3\
4/9/20,4/7/20,92108,17\
4/9/20,4/7/20,92109,27\
4/9/20,4/7/20,92110,17\
4/9/20,4/7/20,92111,19\
4/9/20,4/7/20,92113,40\
4/9/20,4/7/20,92114,31\
4/9/20,4/7/20,92115,31\
4/9/20,4/7/20,92116,34\
4/9/20,4/7/20,92117,21\
4/9/20,4/7/20,92118,4\
4/9/20,4/7/20,92119,9\
4/9/20,4/7/20,92120,20\
4/9/20,4/7/20,92121,3\
4/9/20,4/7/20,92122,15\
4/9/20,4/7/20,92123,17\
4/9/20,4/7/20,92124,14\
4/9/20,4/7/20,92126,31\
4/9/20,4/7/20,92127,20\
4/9/20,4/7/20,92128,26\
4/9/20,4/7/20,92129,19\
4/9/20,4/7/20,92130,22\
4/9/20,4/7/20,92131,6\
4/9/20,4/7/20,92136,3\
4/9/20,4/7/20,92139,23\
4/9/20,4/7/20,92154,48\
4/9/20,4/7/20,92161,2\
4/9/20,4/7/20,92173,20\
4/9/20,4/7/20,Unknown*,29\
4/9/20,4/7/20,TOTAL,1530\
4/10/20,4/8/20,91901,1\
4/10/20,4/8/20,91902,16\
4/10/20,4/8/20,91905,1\
4/10/20,4/8/20,91910,43\
4/10/20,4/8/20,91911,47\
4/10/20,4/8/20,91913,32\
4/10/20,4/8/20,91914,8\
4/10/20,4/8/20,91915,19\
4/10/20,4/8/20,91916,1\
4/10/20,4/8/20,91932,10\
4/10/20,4/8/20,91935,4\
4/10/20,4/8/20,91941,12\
4/10/20,4/8/20,91942,22\
4/10/20,4/8/20,91945,14\
4/10/20,4/8/20,91950,32\
4/10/20,4/8/20,91977,34\
4/10/20,4/8/20,91978,5\
4/10/20,4/8/20,92004,1\
4/10/20,4/8/20,92007,4\
4/10/20,4/8/20,92008,8\
4/10/20,4/8/20,92009,17\
4/10/20,4/8/20,92010,10\
4/10/20,4/8/20,92011,8\
4/10/20,4/8/20,92014,13\
4/10/20,4/8/20,92019,37\
4/10/20,4/8/20,92020,53\
4/10/20,4/8/20,92021,51\
4/10/20,4/8/20,92024,28\
4/10/20,4/8/20,92025,14\
4/10/20,4/8/20,92026,10\
4/10/20,4/8/20,92027,15\
4/10/20,4/8/20,92028,7\
4/10/20,4/8/20,92029,12\
4/10/20,4/8/20,92037,33\
4/10/20,4/8/20,92040,13\
4/10/20,4/8/20,92054,8\
4/10/20,4/8/20,92056,12\
4/10/20,4/8/20,92057,9\
4/10/20,4/8/20,92058,7\
4/10/20,4/8/20,92061,2\
4/10/20,4/8/20,92064,16\
4/10/20,4/8/20,92065,10\
4/10/20,4/8/20,92066,2\
4/10/20,4/8/20,92067,12\
4/10/20,4/8/20,92069,10\
4/10/20,4/8/20,92071,16\
4/10/20,4/8/20,92075,4\
4/10/20,4/8/20,92078,14\
4/10/20,4/8/20,92081,11\
4/10/20,4/8/20,92082,3\
4/10/20,4/8/20,92083,10\
4/10/20,4/8/20,92084,11\
4/10/20,4/8/20,92091,2\
4/10/20,4/8/20,92093,4\
4/10/20,4/8/20,92101,38\
4/10/20,4/8/20,92102,22\
4/10/20,4/8/20,92103,70\
4/10/20,4/8/20,92104,36\
4/10/20,4/8/20,92105,44\
4/10/20,4/8/20,92106,9\
4/10/20,4/8/20,92107,3\
4/10/20,4/8/20,92108,20\
4/10/20,4/8/20,92109,28\
4/10/20,4/8/20,92110,17\
4/10/20,4/8/20,92111,20\
4/10/20,4/8/20,92113,41\
4/10/20,4/8/20,92114,42\
4/10/20,4/8/20,92115,35\
4/10/20,4/8/20,92116,34\
4/10/20,4/8/20,92117,23\
4/10/20,4/8/20,92118,5\
4/10/20,4/8/20,92119,9\
4/10/20,4/8/20,92120,20\
4/10/20,4/8/20,92121,3\
4/10/20,4/8/20,92122,15\
4/10/20,4/8/20,92123,17\
4/10/20,4/8/20,92124,15\
4/10/20,4/8/20,92126,32\
4/10/20,4/8/20,92127,20\
4/10/20,4/8/20,92128,26\
4/10/20,4/8/20,92129,19\
4/10/20,4/8/20,92130,23\
4/10/20,4/8/20,92131,6\
4/10/20,4/8/20,92136,3\
4/10/20,4/8/20,92139,27\
4/10/20,4/8/20,92154,56\
4/10/20,4/8/20,92161,2\
4/10/20,4/8/20,92173,21\
4/10/20,4/8/20,Unknown*,29\
4/10/20,4/8/20,TOTAL,1628\
4/11/20,4/9/20,91901,1\
4/11/20,4/9/20,91902,16\
4/11/20,4/9/20,91905,1\
4/11/20,4/9/20,91910,44\
4/11/20,4/9/20,91911,52\
4/11/20,4/9/20,91913,34\
4/11/20,4/9/20,91914,8\
4/11/20,4/9/20,91915,20\
4/11/20,4/9/20,91916,1\
4/11/20,4/9/20,91932,10\
4/11/20,4/9/20,91935,4\
4/11/20,4/9/20,91941,12\
4/11/20,4/9/20,91942,25\
4/11/20,4/9/20,91945,14\
4/11/20,4/9/20,91950,33\
4/11/20,4/9/20,91977,37\
4/11/20,4/9/20,91978,5\
4/11/20,4/9/20,92004,1\
4/11/20,4/9/20,92007,4\
4/11/20,4/9/20,92008,9\
4/11/20,4/9/20,92009,17\
4/11/20,4/9/20,92010,13\
4/11/20,4/9/20,92011,9\
4/11/20,4/9/20,92014,13\
4/11/20,4/9/20,92019,39\
4/11/20,4/9/20,92020,56\
4/11/20,4/9/20,92021,55\
4/11/20,4/9/20,92024,29\
4/11/20,4/9/20,92025,20\
4/11/20,4/9/20,92026,10\
4/11/20,4/9/20,92027,16\
4/11/20,4/9/20,92028,8\
4/11/20,4/9/20,92029,12\
4/11/20,4/9/20,92037,34\
4/11/20,4/9/20,92040,14\
4/11/20,4/9/20,92054,8\
4/11/20,4/9/20,92056,13\
4/11/20,4/9/20,92057,10\
4/11/20,4/9/20,92058,7\
4/11/20,4/9/20,92061,2\
4/11/20,4/9/20,92064,17\
4/11/20,4/9/20,92065,10\
4/11/20,4/9/20,92066,2\
4/11/20,4/9/20,92067,12\
4/11/20,4/9/20,92069,11\
4/11/20,4/9/20,92071,16\
4/11/20,4/9/20,92075,4\
4/11/20,4/9/20,92078,14\
4/11/20,4/9/20,92081,13\
4/11/20,4/9/20,92082,3\
4/11/20,4/9/20,92083,10\
4/11/20,4/9/20,92084,11\
4/11/20,4/9/20,92091,2\
4/11/20,4/9/20,92093,4\
4/11/20,4/9/20,92101,39\
4/11/20,4/9/20,92102,22\
4/11/20,4/9/20,92103,70\
4/11/20,4/9/20,92104,38\
4/11/20,4/9/20,92105,45\
4/11/20,4/9/20,92106,9\
4/11/20,4/9/20,92107,4\
4/11/20,4/9/20,92108,20\
4/11/20,4/9/20,92109,29\
4/11/20,4/9/20,92110,17\
4/11/20,4/9/20,92111,21\
4/11/20,4/9/20,92113,44\
4/11/20,4/9/20,92114,47\
4/11/20,4/9/20,92115,36\
4/11/20,4/9/20,92116,35\
4/11/20,4/9/20,92117,23\
4/11/20,4/9/20,92118,5\
4/11/20,4/9/20,92119,11\
4/11/20,4/9/20,92120,20\
4/11/20,4/9/20,92121,3\
4/11/20,4/9/20,92122,15\
4/11/20,4/9/20,92123,17\
4/11/20,4/9/20,92124,15\
4/11/20,4/9/20,92126,34\
4/11/20,4/9/20,92127,20\
4/11/20,4/9/20,92128,27\
4/11/20,4/9/20,92129,19\
4/11/20,4/9/20,92130,24\
4/11/20,4/9/20,92131,6\
4/11/20,4/9/20,92136,3\
4/11/20,4/9/20,92139,27\
4/11/20,4/9/20,92154,58\
4/11/20,4/9/20,92161,2\
4/11/20,4/9/20,92173,23\
4/11/20,4/9/20,Unknown*,20\
4/11/20,4/9/20,TOTAL,1693\
4/12/20,4/10/20,91901,1\
4/12/20,4/10/20,91902,16\
4/12/20,4/10/20,91905,1\
4/12/20,4/10/20,91910,48\
4/12/20,4/10/20,91911,56\
4/12/20,4/10/20,91913,34\
4/12/20,4/10/20,91914,8\
4/12/20,4/10/20,91915,20\
4/12/20,4/10/20,91916,1\
4/12/20,4/10/20,91932,10\
4/12/20,4/10/20,91935,4\
4/12/20,4/10/20,91941,12\
4/12/20,4/10/20,91942,26\
4/12/20,4/10/20,91945,15\
4/12/20,4/10/20,91950,37\
4/12/20,4/10/20,91977,39\
4/12/20,4/10/20,91978,6\
4/12/20,4/10/20,92003,1\
4/12/20,4/10/20,92004,1\
4/12/20,4/10/20,92007,4\
4/12/20,4/10/20,92008,9\
4/12/20,4/10/20,92009,17\
4/12/20,4/10/20,92010,13\
4/12/20,4/10/20,92011,9\
4/12/20,4/10/20,92014,13\
4/12/20,4/10/20,92019,41\
4/12/20,4/10/20,92020,60\
4/12/20,4/10/20,92021,58\
4/12/20,4/10/20,92024,30\
4/12/20,4/10/20,92025,22\
4/12/20,4/10/20,92026,10\
4/12/20,4/10/20,92027,18\
4/12/20,4/10/20,92028,9\
4/12/20,4/10/20,92029,12\
4/12/20,4/10/20,92037,34\
4/12/20,4/10/20,92040,14\
4/12/20,4/10/20,92054,8\
4/12/20,4/10/20,92056,12\
4/12/20,4/10/20,92057,10\
4/12/20,4/10/20,92058,8\
4/12/20,4/10/20,92061,2\
4/12/20,4/10/20,92064,18\
4/12/20,4/10/20,92065,10\
4/12/20,4/10/20,92066,2\
4/12/20,4/10/20,92067,12\
4/12/20,4/10/20,92069,10\
4/12/20,4/10/20,92071,17\
4/12/20,4/10/20,92075,4\
4/12/20,4/10/20,92078,14\
4/12/20,4/10/20,92081,13\
4/12/20,4/10/20,92082,3\
4/12/20,4/10/20,92083,10\
4/12/20,4/10/20,92084,12\
4/12/20,4/10/20,92091,2\
4/12/20,4/10/20,92093,4\
4/12/20,4/10/20,92101,40\
4/12/20,4/10/20,92102,22\
4/12/20,4/10/20,92103,72\
4/12/20,4/10/20,92104,40\
4/12/20,4/10/20,92105,49\
4/12/20,4/10/20,92106,9\
4/12/20,4/10/20,92107,5\
4/12/20,4/10/20,92108,20\
4/12/20,4/10/20,92109,29\
4/12/20,4/10/20,92110,18\
4/12/20,4/10/20,92111,21\
4/12/20,4/10/20,92113,44\
4/12/20,4/10/20,92114,48\
4/12/20,4/10/20,92115,36\
4/12/20,4/10/20,92116,36\
4/12/20,4/10/20,92117,23\
4/12/20,4/10/20,92118,5\
4/12/20,4/10/20,92119,12\
4/12/20,4/10/20,92120,21\
4/12/20,4/10/20,92121,3\
4/12/20,4/10/20,92122,15\
4/12/20,4/10/20,92123,17\
4/12/20,4/10/20,92124,15\
4/12/20,4/10/20,92126,33\
4/12/20,4/10/20,92127,20\
4/12/20,4/10/20,92128,28\
4/12/20,4/10/20,92129,19\
4/12/20,4/10/20,92130,24\
4/12/20,4/10/20,92131,6\
4/12/20,4/10/20,92136,3\
4/12/20,4/10/20,92139,29\
4/12/20,4/10/20,92154,65\
4/12/20,4/10/20,92161,2\
4/12/20,4/10/20,92173,25\
4/12/20,4/10/20,Unknown*,27\
4/12/20,4/10/20,TOTAL,1761\
4/13/20,4/11/20,91901,1\
4/13/20,4/11/20,91902,17\
4/13/20,4/11/20,91905,1\
4/13/20,4/11/20,91910,48\
4/13/20,4/11/20,91911,59\
4/13/20,4/11/20,91913,34\
4/13/20,4/11/20,91914,9\
4/13/20,4/11/20,91915,21\
4/13/20,4/11/20,91916,1\
4/13/20,4/11/20,91932,10\
4/13/20,4/11/20,91935,4\
4/13/20,4/11/20,91941,13\
4/13/20,4/11/20,91942,27\
4/13/20,4/11/20,91945,15\
4/13/20,4/11/20,91950,39\
4/13/20,4/11/20,91977,39\
4/13/20,4/11/20,91978,6\
4/13/20,4/11/20,92003,1\
4/13/20,4/11/20,92004,1\
4/13/20,4/11/20,92007,4\
4/13/20,4/11/20,92008,9\
4/13/20,4/11/20,92009,17\
4/13/20,4/11/20,92010,13\
4/13/20,4/11/20,92011,9\
4/13/20,4/11/20,92014,13\
4/13/20,4/11/20,92019,42\
4/13/20,4/11/20,92020,62\
4/13/20,4/11/20,92021,59\
4/13/20,4/11/20,92024,30\
4/13/20,4/11/20,92025,23\
4/13/20,4/11/20,92026,10\
4/13/20,4/11/20,92027,20\
4/13/20,4/11/20,92028,9\
4/13/20,4/11/20,92029,12\
4/13/20,4/11/20,92037,34\
4/13/20,4/11/20,92040,15\
4/13/20,4/11/20,92054,9\
4/13/20,4/11/20,92056,12\
4/13/20,4/11/20,92057,10\
4/13/20,4/11/20,92058,8\
4/13/20,4/11/20,92061,2\
4/13/20,4/11/20,92064,18\
4/13/20,4/11/20,92065,10\
4/13/20,4/11/20,92066,2\
4/13/20,4/11/20,92067,12\
4/13/20,4/11/20,92069,11\
4/13/20,4/11/20,92071,18\
4/13/20,4/11/20,92075,5\
4/13/20,4/11/20,92078,14\
4/13/20,4/11/20,92081,13\
4/13/20,4/11/20,92082,3\
4/13/20,4/11/20,92083,10\
4/13/20,4/11/20,92084,12\
4/13/20,4/11/20,92091,2\
4/13/20,4/11/20,92093,4\
4/13/20,4/11/20,92101,40\
4/13/20,4/11/20,92102,23\
4/13/20,4/11/20,92103,72\
4/13/20,4/11/20,92104,40\
4/13/20,4/11/20,92105,49\
4/13/20,4/11/20,92106,9\
4/13/20,4/11/20,92107,5\
4/13/20,4/11/20,92108,20\
4/13/20,4/11/20,92109,29\
4/13/20,4/11/20,92110,18\
4/13/20,4/11/20,92111,22\
4/13/20,4/11/20,92113,45\
4/13/20,4/11/20,92114,50\
4/13/20,4/11/20,92115,36\
4/13/20,4/11/20,92116,36\
4/13/20,4/11/20,92117,23\
4/13/20,4/11/20,92118,5\
4/13/20,4/11/20,92119,12\
4/13/20,4/11/20,92120,21\
4/13/20,4/11/20,92121,3\
4/13/20,4/11/20,92122,15\
4/13/20,4/11/20,92123,17\
4/13/20,4/11/20,92124,15\
4/13/20,4/11/20,92126,33\
4/13/20,4/11/20,92127,21\
4/13/20,4/11/20,92128,30\
4/13/20,4/11/20,92129,19\
4/13/20,4/11/20,92130,24\
4/13/20,4/11/20,92131,6\
4/13/20,4/11/20,92136,3\
4/13/20,4/11/20,92139,30\
4/13/20,4/11/20,92154,67\
4/13/20,4/11/20,92161,2\
4/13/20,4/11/20,92173,26\
4/13/20,4/11/20,Unknown,36\
4/13/20,4/11/20,Total,1804\
4/14/20,4/12/20,91901,1\
4/14/20,4/12/20,91902,17\
4/14/20,4/12/20,91905,1\
4/14/20,4/12/20,91910,52\
4/14/20,4/12/20,91911,62\
4/14/20,4/12/20,91913,35\
4/14/20,4/12/20,91914,9\
4/14/20,4/12/20,91915,21\
4/14/20,4/12/20,91916,1\
4/14/20,4/12/20,91932,11\
4/14/20,4/12/20,91935,4\
4/14/20,4/12/20,91941,13\
4/14/20,4/12/20,91942,27\
4/14/20,4/12/20,91945,15\
4/14/20,4/12/20,91950,43\
4/14/20,4/12/20,91977,41\
4/14/20,4/12/20,91978,6\
4/14/20,4/12/20,92003,1\
4/14/20,4/12/20,92004,1\
4/14/20,4/12/20,92007,4\
4/14/20,4/12/20,92008,9\
4/14/20,4/12/20,92009,17\
4/14/20,4/12/20,92010,13\
4/14/20,4/12/20,92011,9\
4/14/20,4/12/20,92014,13\
4/14/20,4/12/20,92019,46\
4/14/20,4/12/20,92020,63\
4/14/20,4/12/20,92021,61\
4/14/20,4/12/20,92024,30\
4/14/20,4/12/20,92025,23\
4/14/20,4/12/20,92026,10\
4/14/20,4/12/20,92027,20\
4/14/20,4/12/20,92028,9\
4/14/20,4/12/20,92029,12\
4/14/20,4/12/20,92037,34\
4/14/20,4/12/20,92040,15\
4/14/20,4/12/20,92054,9\
4/14/20,4/12/20,92056,12\
4/14/20,4/12/20,92057,10\
4/14/20,4/12/20,92058,8\
4/14/20,4/12/20,92061,2\
4/14/20,4/12/20,92064,19\
4/14/20,4/12/20,92065,10\
4/14/20,4/12/20,92066,2\
4/14/20,4/12/20,92067,12\
4/14/20,4/12/20,92069,11\
4/14/20,4/12/20,92071,18\
4/14/20,4/12/20,92075,5\
4/14/20,4/12/20,92078,14\
4/14/20,4/12/20,92081,13\
4/14/20,4/12/20,92082,3\
4/14/20,4/12/20,92083,10\
4/14/20,4/12/20,92084,13\
4/14/20,4/12/20,92091,2\
4/14/20,4/12/20,92093,4\
4/14/20,4/12/20,92101,40\
4/14/20,4/12/20,92102,24\
4/14/20,4/12/20,92103,72\
4/14/20,4/12/20,92104,41\
4/14/20,4/12/20,92105,51\
4/14/20,4/12/20,92106,9\
4/14/20,4/12/20,92107,5\
4/14/20,4/12/20,92108,20\
4/14/20,4/12/20,92109,29\
4/14/20,4/12/20,92110,19\
4/14/20,4/12/20,92111,23\
4/14/20,4/12/20,92113,47\
4/14/20,4/12/20,92114,50\
4/14/20,4/12/20,92115,36\
4/14/20,4/12/20,92116,36\
4/14/20,4/12/20,92117,23\
4/14/20,4/12/20,92118,5\
4/14/20,4/12/20,92119,12\
4/14/20,4/12/20,92120,21\
4/14/20,4/12/20,92121,3\
4/14/20,4/12/20,92122,15\
4/14/20,4/12/20,92123,17\
4/14/20,4/12/20,92124,15\
4/14/20,4/12/20,92126,33\
4/14/20,4/12/20,92127,21\
4/14/20,4/12/20,92128,31\
4/14/20,4/12/20,92129,19\
4/14/20,4/12/20,92130,24\
4/14/20,4/12/20,92131,6\
4/14/20,4/12/20,92136,3\
4/14/20,4/12/20,92139,31\
4/14/20,4/12/20,92154,74\
4/14/20,4/12/20,92161,2\
4/14/20,4/12/20,92173,28\
4/14/20,4/12/20,Unknown,36\
4/14/20,4/12/20,Total,1847\
4/15/20,4/13/20,91901,1\
4/15/20,4/13/20,91902,16\
4/15/20,4/13/20,91905,1\
4/15/20,4/13/20,91910,57\
4/15/20,4/13/20,91911,72\
4/15/20,4/13/20,91913,37\
4/15/20,4/13/20,91914,9\
4/15/20,4/13/20,91915,24\
4/15/20,4/13/20,91916,1\
4/15/20,4/13/20,91932,11\
4/15/20,4/13/20,91935,5\
4/15/20,4/13/20,91941,14\
4/15/20,4/13/20,91942,29\
4/15/20,4/13/20,91945,15\
4/15/20,4/13/20,91950,49\
4/15/20,4/13/20,91963,1\
4/15/20,4/13/20,91977,44\
4/15/20,4/13/20,91978,6\
4/15/20,4/13/20,92003,1\
4/15/20,4/13/20,92004,1\
4/15/20,4/13/20,92007,4\
4/15/20,4/13/20,92008,9\
4/15/20,4/13/20,92009,17\
4/15/20,4/13/20,92010,13\
4/15/20,4/13/20,92011,10\
4/15/20,4/13/20,92014,15\
4/15/20,4/13/20,92019,47\
4/15/20,4/13/20,92020,64\
4/15/20,4/13/20,92021,62\
4/15/20,4/13/20,92024,30\
4/15/20,4/13/20,92025,23\
4/15/20,4/13/20,92026,10\
4/15/20,4/13/20,92027,22\
4/15/20,4/13/20,92028,9\
4/15/20,4/13/20,92029,12\
4/15/20,4/13/20,92037,34\
4/15/20,4/13/20,92040,15\
4/15/20,4/13/20,92054,10\
4/15/20,4/13/20,92056,12\
4/15/20,4/13/20,92057,12\
4/15/20,4/13/20,92058,9\
4/15/20,4/13/20,92061,2\
4/15/20,4/13/20,92064,19\
4/15/20,4/13/20,92065,11\
4/15/20,4/13/20,92066,2\
4/15/20,4/13/20,92067,12\
4/15/20,4/13/20,92069,11\
4/15/20,4/13/20,92071,19\
4/15/20,4/13/20,92075,5\
4/15/20,4/13/20,92078,17\
4/15/20,4/13/20,92081,13\
4/15/20,4/13/20,92082,3\
4/15/20,4/13/20,92083,10\
4/15/20,4/13/20,92084,14\
4/15/20,4/13/20,92091,2\
4/15/20,4/13/20,92093,4\
4/15/20,4/13/20,92101,39\
4/15/20,4/13/20,92102,24\
4/15/20,4/13/20,92103,73\
4/15/20,4/13/20,92104,42\
4/15/20,4/13/20,92105,52\
4/15/20,4/13/20,92106,9\
4/15/20,4/13/20,92107,5\
4/15/20,4/13/20,92108,23\
4/15/20,4/13/20,92109,29\
4/15/20,4/13/20,92110,20\
4/15/20,4/13/20,92111,23\
4/15/20,4/13/20,92113,49\
4/15/20,4/13/20,92114,52\
4/15/20,4/13/20,92115,37\
4/15/20,4/13/20,92116,36\
4/15/20,4/13/20,92117,23\
4/15/20,4/13/20,92118,6\
4/15/20,4/13/20,92119,12\
4/15/20,4/13/20,92120,22\
4/15/20,4/13/20,92121,3\
4/15/20,4/13/20,92122,15\
4/15/20,4/13/20,92123,18\
4/15/20,4/13/20,92124,15\
4/15/20,4/13/20,92126,35\
4/15/20,4/13/20,92127,22\
4/15/20,4/13/20,92128,33\
4/15/20,4/13/20,92129,19\
4/15/20,4/13/20,92130,24\
4/15/20,4/13/20,92131,7\
4/15/20,4/13/20,92136,3\
4/15/20,4/13/20,92139,31\
4/15/20,4/13/20,92154,77\
4/15/20,4/13/20,92161,2\
4/15/20,4/13/20,92173,32\
4/15/20,4/13/20,Unknown,41\
4/15/20,4/13/20,Total,1930\
4/16/20,4/14/20,91901,1\
4/16/20,4/14/20,91902,17\
4/16/20,4/14/20,91905,1\
4/16/20,4/14/20,91910,61\
4/16/20,4/14/20,91911,74\
4/16/20,4/14/20,91913,37\
4/16/20,4/14/20,91914,11\
4/16/20,4/14/20,91915,24\
4/16/20,4/14/20,91916,1\
4/16/20,4/14/20,91932,11\
4/16/20,4/14/20,91935,6\
4/16/20,4/14/20,91941,14\
4/16/20,4/14/20,91942,31\
4/16/20,4/14/20,91945,17\
4/16/20,4/14/20,91950,54\
4/16/20,4/14/20,91963,1\
4/16/20,4/14/20,91977,48\
4/16/20,4/14/20,91978,6\
4/16/20,4/14/20,92003,1\
4/16/20,4/14/20,92004,1\
4/16/20,4/14/20,92007,4\
4/16/20,4/14/20,92008,9\
4/16/20,4/14/20,92009,18\
4/16/20,4/14/20,92010,13\
4/16/20,4/14/20,92011,10\
4/16/20,4/14/20,92014,15\
4/16/20,4/14/20,92019,47\
4/16/20,4/14/20,92020,66\
4/16/20,4/14/20,92021,67\
4/16/20,4/14/20,92024,30\
4/16/20,4/14/20,92025,23\
4/16/20,4/14/20,92026,11\
4/16/20,4/14/20,92027,24\
4/16/20,4/14/20,92028,9\
4/16/20,4/14/20,92029,12\
4/16/20,4/14/20,92037,34\
4/16/20,4/14/20,92040,15\
4/16/20,4/14/20,92054,11\
4/16/20,4/14/20,92056,13\
4/16/20,4/14/20,92057,12\
4/16/20,4/14/20,92058,9\
4/16/20,4/14/20,92061,2\
4/16/20,4/14/20,92064,19\
4/16/20,4/14/20,92065,11\
4/16/20,4/14/20,92066,2\
4/16/20,4/14/20,92067,12\
4/16/20,4/14/20,92069,12\
4/16/20,4/14/20,92071,19\
4/16/20,4/14/20,92075,5\
4/16/20,4/14/20,92078,17\
4/16/20,4/14/20,92081,13\
4/16/20,4/14/20,92082,4\
4/16/20,4/14/20,92083,10\
4/16/20,4/14/20,92084,15\
4/16/20,4/14/20,92091,2\
4/16/20,4/14/20,92093,4\
4/16/20,4/14/20,92101,40\
4/16/20,4/14/20,92102,24\
4/16/20,4/14/20,92103,75\
4/16/20,4/14/20,92104,42\
4/16/20,4/14/20,92105,56\
4/16/20,4/14/20,92106,9\
4/16/20,4/14/20,92107,5\
4/16/20,4/14/20,92108,26\
4/16/20,4/14/20,92109,29\
4/16/20,4/14/20,92110,22\
4/16/20,4/14/20,92111,23\
4/16/20,4/14/20,92113,54\
4/16/20,4/14/20,92114,54\
4/16/20,4/14/20,92115,38\
4/16/20,4/14/20,92116,39\
4/16/20,4/14/20,92117,24\
4/16/20,4/14/20,92118,6\
4/16/20,4/14/20,92119,12\
4/16/20,4/14/20,92120,21\
4/16/20,4/14/20,92121,3\
4/16/20,4/14/20,92122,16\
4/16/20,4/14/20,92123,18\
4/16/20,4/14/20,92124,15\
4/16/20,4/14/20,92126,37\
4/16/20,4/14/20,92127,22\
4/16/20,4/14/20,92128,35\
4/16/20,4/14/20,92129,19\
4/16/20,4/14/20,92130,24\
4/16/20,4/14/20,92131,9\
4/16/20,4/14/20,92136,3\
4/16/20,4/14/20,92139,32\
4/16/20,4/14/20,92140,11\
4/16/20,4/14/20,92154,83\
4/16/20,4/14/20,92161,2\
4/16/20,4/14/20,92173,36\
4/16/20,4/14/20,Unknown,32\
4/16/20,4/14/20,Total,2012\
4/17/20,4/15/20,91901,2\
4/17/20,4/15/20,91902,17\
4/17/20,4/15/20,91905,1\
4/17/20,4/15/20,91906,1\
4/17/20,4/15/20,91910,66\
4/17/20,4/15/20,91911,80\
4/17/20,4/15/20,91913,39\
4/17/20,4/15/20,91914,14\
4/17/20,4/15/20,91915,25\
4/17/20,4/15/20,91916,1\
4/17/20,4/15/20,91932,12\
4/17/20,4/15/20,91935,6\
4/17/20,4/15/20,91941,14\
4/17/20,4/15/20,91942,33\
4/17/20,4/15/20,91945,18\
4/17/20,4/15/20,91950,58\
4/17/20,4/15/20,91963,1\
4/17/20,4/15/20,91977,48\
4/17/20,4/15/20,91978,6\
4/17/20,4/15/20,92003,1\
4/17/20,4/15/20,92004,1\
4/17/20,4/15/20,92007,4\
4/17/20,4/15/20,92008,9\
4/17/20,4/15/20,92009,18\
4/17/20,4/15/20,92010,13\
4/17/20,4/15/20,92011,10\
4/17/20,4/15/20,92014,16\
4/17/20,4/15/20,92019,50\
4/17/20,4/15/20,92020,66\
4/17/20,4/15/20,92021,67\
4/17/20,4/15/20,92024,30\
4/17/20,4/15/20,92025,24\
4/17/20,4/15/20,92026,11\
4/17/20,4/15/20,92027,27\
4/17/20,4/15/20,92028,9\
4/17/20,4/15/20,92029,13\
4/17/20,4/15/20,92037,34\
4/17/20,4/15/20,92040,15\
4/17/20,4/15/20,92054,12\
4/17/20,4/15/20,92056,14\
4/17/20,4/15/20,92057,14\
4/17/20,4/15/20,92058,10\
4/17/20,4/15/20,92061,2\
4/17/20,4/15/20,92064,19\
4/17/20,4/15/20,92065,11\
4/17/20,4/15/20,92066,2\
4/17/20,4/15/20,92067,12\
4/17/20,4/15/20,92069,12\
4/17/20,4/15/20,92071,21\
4/17/20,4/15/20,92075,5\
4/17/20,4/15/20,92078,17\
4/17/20,4/15/20,92081,13\
4/17/20,4/15/20,92082,4\
4/17/20,4/15/20,92083,10\
4/17/20,4/15/20,92084,15\
4/17/20,4/15/20,92091,2\
4/17/20,4/15/20,92093,4\
4/17/20,4/15/20,92101,42\
4/17/20,4/15/20,92102,24\
4/17/20,4/15/20,92103,75\
4/17/20,4/15/20,92104,44\
4/17/20,4/15/20,92105,58\
4/17/20,4/15/20,92106,9\
4/17/20,4/15/20,92107,5\
4/17/20,4/15/20,92108,26\
4/17/20,4/15/20,92109,29\
4/17/20,4/15/20,92110,23\
4/17/20,4/15/20,92111,24\
4/17/20,4/15/20,92113,56\
4/17/20,4/15/20,92114,57\
4/17/20,4/15/20,92115,39\
4/17/20,4/15/20,92116,39\
4/17/20,4/15/20,92117,24\
4/17/20,4/15/20,92118,6\
4/17/20,4/15/20,92119,12\
4/17/20,4/15/20,92120,21\
4/17/20,4/15/20,92121,3\
4/17/20,4/15/20,92122,16\
4/17/20,4/15/20,92123,18\
4/17/20,4/15/20,92124,15\
4/17/20,4/15/20,92126,37\
4/17/20,4/15/20,92127,24\
4/17/20,4/15/20,92128,36\
4/17/20,4/15/20,92129,20\
4/17/20,4/15/20,92130,25\
4/17/20,4/15/20,92131,10\
4/17/20,4/15/20,92136,3\
4/17/20,4/15/20,92139,33\
4/17/20,4/15/20,92140,11\
4/17/20,4/15/20,92154,86\
4/17/20,4/15/20,92161,2\
4/17/20,4/15/20,92173,39\
4/17/20,4/15/20,Unknown,37\
4/17/20,4/15/20,Total,2087\
4/18/20,4/16/20,91901,2\
4/18/20,4/16/20,91902,18\
4/18/20,4/16/20,91905,1\
4/18/20,4/16/20,91910,66\
4/18/20,4/16/20,91911,83\
4/18/20,4/16/20,91913,40\
4/18/20,4/16/20,91914,14\
4/18/20,4/16/20,91915,27\
4/18/20,4/16/20,91916,1\
4/18/20,4/16/20,91932,14\
4/18/20,4/16/20,91935,6\
4/18/20,4/16/20,91941,16\
4/18/20,4/16/20,91942,33\
4/18/20,4/16/20,91945,18\
4/18/20,4/16/20,91950,60\
4/18/20,4/16/20,91963,1\
4/18/20,4/16/20,91977,50\
4/18/20,4/16/20,91978,6\
4/18/20,4/16/20,92003,1\
4/18/20,4/16/20,92004,1\
4/18/20,4/16/20,92007,4\
4/18/20,4/16/20,92008,9\
4/18/20,4/16/20,92009,18\
4/18/20,4/16/20,92010,13\
4/18/20,4/16/20,92011,10\
4/18/20,4/16/20,92014,16\
4/18/20,4/16/20,92019,50\
4/18/20,4/16/20,92020,68\
4/18/20,4/16/20,92021,69\
4/18/20,4/16/20,92024,30\
4/18/20,4/16/20,92025,25\
4/18/20,4/16/20,92026,11\
4/18/20,4/16/20,92027,28\
4/18/20,4/16/20,92028,9\
4/18/20,4/16/20,92029,13\
4/18/20,4/16/20,92037,34\
4/18/20,4/16/20,92040,18\
4/18/20,4/16/20,92054,12\
4/18/20,4/16/20,92056,14\
4/18/20,4/16/20,92057,14\
4/18/20,4/16/20,92058,10\
4/18/20,4/16/20,92061,2\
4/18/20,4/16/20,92064,20\
4/18/20,4/16/20,92065,11\
4/18/20,4/16/20,92066,2\
4/18/20,4/16/20,92067,12\
4/18/20,4/16/20,92069,13\
4/18/20,4/16/20,92071,22\
4/18/20,4/16/20,92075,5\
4/18/20,4/16/20,92078,17\
4/18/20,4/16/20,92081,13\
4/18/20,4/16/20,92082,4\
4/18/20,4/16/20,92083,10\
4/18/20,4/16/20,92084,16\
4/18/20,4/16/20,92091,2\
4/18/20,4/16/20,92093,4\
4/18/20,4/16/20,92101,43\
4/18/20,4/16/20,92102,26\
4/18/20,4/16/20,92103,77\
4/18/20,4/16/20,92104,45\
4/18/20,4/16/20,92105,59\
4/18/20,4/16/20,92106,9\
4/18/20,4/16/20,92107,6\
4/18/20,4/16/20,92108,28\
4/18/20,4/16/20,92109,29\
4/18/20,4/16/20,92110,23\
4/18/20,4/16/20,92111,25\
4/18/20,4/16/20,92113,61\
4/18/20,4/16/20,92114,61\
4/18/20,4/16/20,92115,42\
4/18/20,4/16/20,92116,39\
4/18/20,4/16/20,92117,24\
4/18/20,4/16/20,92118,6\
4/18/20,4/16/20,92119,12\
4/18/20,4/16/20,92120,21\
4/18/20,4/16/20,92121,3\
4/18/20,4/16/20,92122,16\
4/18/20,4/16/20,92123,18\
4/18/20,4/16/20,92124,15\
4/18/20,4/16/20,92126,39\
4/18/20,4/16/20,92127,24\
4/18/20,4/16/20,92128,38\
4/18/20,4/16/20,92129,21\
4/18/20,4/16/20,92130,26\
4/18/20,4/16/20,92131,10\
4/18/20,4/16/20,92136,3\
4/18/20,4/16/20,92139,34\
4/18/20,4/16/20,92140,12\
4/18/20,4/16/20,92154,92\
4/18/20,4/16/20,92161,1\
4/18/20,4/16/20,92173,43\
4/18/20,4/16/20,Unknown,41\
4/18/20,4/16/20,Total,2158\
4/19/20,4/17/20,91901,2\
4/19/20,4/17/20,91902,18\
4/19/20,4/17/20,91905,1\
4/19/20,4/17/20,91910,68\
4/19/20,4/17/20,91911,88\
4/19/20,4/17/20,91913,41\
4/19/20,4/17/20,91914,14\
4/19/20,4/17/20,91915,27\
4/19/20,4/17/20,91916,1\
4/19/20,4/17/20,91932,14\
4/19/20,4/17/20,91935,6\
4/19/20,4/17/20,91941,16\
4/19/20,4/17/20,91942,33\
4/19/20,4/17/20,91945,18\
4/19/20,4/17/20,91950,64\
4/19/20,4/17/20,91963,1\
4/19/20,4/17/20,91977,51\
4/19/20,4/17/20,91978,6\
4/19/20,4/17/20,92003,1\
4/19/20,4/17/20,92004,1\
4/19/20,4/17/20,92007,4\
4/19/20,4/17/20,92008,9\
4/19/20,4/17/20,92009,18\
4/19/20,4/17/20,92010,13\
4/19/20,4/17/20,92011,10\
4/19/20,4/17/20,92014,16\
4/19/20,4/17/20,92019,53\
4/19/20,4/17/20,92020,71\
4/19/20,4/17/20,92021,70\
4/19/20,4/17/20,92024,30\
4/19/20,4/17/20,92025,26\
4/19/20,4/17/20,92026,13\
4/19/20,4/17/20,92027,29\
4/19/20,4/17/20,92028,9\
4/19/20,4/17/20,92029,13\
4/19/20,4/17/20,92036,1\
4/19/20,4/17/20,92037,34\
4/19/20,4/17/20,92040,17\
4/19/20,4/17/20,92054,12\
4/19/20,4/17/20,92056,14\
4/19/20,4/17/20,92057,16\
4/19/20,4/17/20,92058,10\
4/19/20,4/17/20,92061,2\
4/19/20,4/17/20,92064,20\
4/19/20,4/17/20,92065,11\
4/19/20,4/17/20,92066,2\
4/19/20,4/17/20,92067,12\
4/19/20,4/17/20,92069,13\
4/19/20,4/17/20,92071,22\
4/19/20,4/17/20,92075,5\
4/19/20,4/17/20,92078,17\
4/19/20,4/17/20,92081,14\
4/19/20,4/17/20,92082,4\
4/19/20,4/17/20,92083,10\
4/19/20,4/17/20,92084,17\
4/19/20,4/17/20,92091,2\
4/19/20,4/17/20,92093,4\
4/19/20,4/17/20,92101,44\
4/19/20,4/17/20,92102,28\
4/19/20,4/17/20,92103,78\
4/19/20,4/17/20,92104,45\
4/19/20,4/17/20,92105,60\
4/19/20,4/17/20,92106,9\
4/19/20,4/17/20,92107,6\
4/19/20,4/17/20,92108,28\
4/19/20,4/17/20,92109,29\
4/19/20,4/17/20,92110,23\
4/19/20,4/17/20,92111,25\
4/19/20,4/17/20,92113,63\
4/19/20,4/17/20,92114,62\
4/19/20,4/17/20,92115,42\
4/19/20,4/17/20,92116,39\
4/19/20,4/17/20,92117,25\
4/19/20,4/17/20,92118,6\
4/19/20,4/17/20,92119,13\
4/19/20,4/17/20,92120,21\
4/19/20,4/17/20,92121,3\
4/19/20,4/17/20,92122,18\
4/19/20,4/17/20,92123,20\
4/19/20,4/17/20,92124,15\
4/19/20,4/17/20,92126,41\
4/19/20,4/17/20,92127,26\
4/19/20,4/17/20,92128,39\
4/19/20,4/17/20,92129,22\
4/19/20,4/17/20,92130,27\
4/19/20,4/17/20,92131,10\
4/19/20,4/17/20,92136,3\
4/19/20,4/17/20,92139,35\
4/19/20,4/17/20,92140,13\
4/19/20,4/17/20,92145,3\
4/19/20,4/17/20,92154,95\
4/19/20,4/17/20,92161,1\
4/19/20,4/17/20,92173,47\
4/19/20,4/17/20,Unknown,35\
4/19/20,4/17/20,Total,2213\
4/20/20,4/18/20,91901,2\
4/20/20,4/18/20,91902,18\
4/20/20,4/18/20,91905,1\
4/20/20,4/18/20,91910,68\
4/20/20,4/18/20,91911,94\
4/20/20,4/18/20,91913,43\
4/20/20,4/18/20,91914,14\
4/20/20,4/18/20,91915,30\
4/20/20,4/18/20,91916,1\
4/20/20,4/18/20,91932,14\
4/20/20,4/18/20,91935,6\
4/20/20,4/18/20,91941,18\
4/20/20,4/18/20,91942,34\
4/20/20,4/18/20,91945,19\
4/20/20,4/18/20,91950,65\
4/20/20,4/18/20,91963,2\
4/20/20,4/18/20,91977,54\
4/20/20,4/18/20,91978,6\
4/20/20,4/18/20,92003,1\
4/20/20,4/18/20,92004,1\
4/20/20,4/18/20,92007,4\
4/20/20,4/18/20,92008,9\
4/20/20,4/18/20,92009,18\
4/20/20,4/18/20,92010,13\
4/20/20,4/18/20,92011,10\
4/20/20,4/18/20,92014,16\
4/20/20,4/18/20,92019,53\
4/20/20,4/18/20,92020,74\
4/20/20,4/18/20,92021,70\
4/20/20,4/18/20,92024,30\
4/20/20,4/18/20,92025,26\
4/20/20,4/18/20,92026,14\
4/20/20,4/18/20,92027,29\
4/20/20,4/18/20,92028,9\
4/20/20,4/18/20,92029,13\
4/20/20,4/18/20,92036,1\
4/20/20,4/18/20,92037,34\
4/20/20,4/18/20,92040,18\
4/20/20,4/18/20,92054,13\
4/20/20,4/18/20,92056,14\
4/20/20,4/18/20,92057,16\
4/20/20,4/18/20,92058,11\
4/20/20,4/18/20,92061,2\
4/20/20,4/18/20,92064,21\
4/20/20,4/18/20,92065,11\
4/20/20,4/18/20,92066,2\
4/20/20,4/18/20,92067,12\
4/20/20,4/18/20,92069,13\
4/20/20,4/18/20,92071,23\
4/20/20,4/18/20,92075,5\
4/20/20,4/18/20,92078,17\
4/20/20,4/18/20,92081,14\
4/20/20,4/18/20,92082,4\
4/20/20,4/18/20,92083,10\
4/20/20,4/18/20,92084,17\
4/20/20,4/18/20,92091,2\
4/20/20,4/18/20,92093,4\
4/20/20,4/18/20,92101,44\
4/20/20,4/18/20,92102,30\
4/20/20,4/18/20,92103,78\
4/20/20,4/18/20,92104,46\
4/20/20,4/18/20,92105,60\
4/20/20,4/18/20,92106,9\
4/20/20,4/18/20,92107,6\
4/20/20,4/18/20,92108,29\
4/20/20,4/18/20,92109,30\
4/20/20,4/18/20,92110,25\
4/20/20,4/18/20,92111,25\
4/20/20,4/18/20,92113,63\
4/20/20,4/18/20,92114,64\
4/20/20,4/18/20,92115,43\
4/20/20,4/18/20,92116,38\
4/20/20,4/18/20,92117,26\
4/20/20,4/18/20,92118,6\
4/20/20,4/18/20,92119,15\
4/20/20,4/18/20,92120,21\
4/20/20,4/18/20,92121,3\
4/20/20,4/18/20,92122,18\
4/20/20,4/18/20,92123,19\
4/20/20,4/18/20,92124,16\
4/20/20,4/18/20,92126,42\
4/20/20,4/18/20,92127,27\
4/20/20,4/18/20,92128,39\
4/20/20,4/18/20,92129,22\
4/20/20,4/18/20,92130,27\
4/20/20,4/18/20,92131,10\
4/20/20,4/18/20,92136,3\
4/20/20,4/18/20,92139,37\
4/20/20,4/18/20,92140,13\
4/20/20,4/18/20,92145,3\
4/20/20,4/18/20,92154,102\
4/20/20,4/18/20,92161,1\
4/20/20,4/18/20,92173,52\
4/20/20,4/18/20,Unknown,33\
4/20/20,4/18/20,Total,2268\
4/21/20,4/19/20,91901,2\
4/21/20,4/19/20,91902,18\
4/21/20,4/19/20,91905,2\
4/21/20,4/19/20,91910,70\
4/21/20,4/19/20,91911,98\
4/21/20,4/19/20,91913,43\
4/21/20,4/19/20,91914,14\
4/21/20,4/19/20,91915,31\
4/21/20,4/19/20,91916,1\
4/21/20,4/19/20,91932,14\
4/21/20,4/19/20,91935,6\
4/21/20,4/19/20,91941,18\
4/21/20,4/19/20,91942,36\
4/21/20,4/19/20,91945,19\
4/21/20,4/19/20,91950,67\
4/21/20,4/19/20,91963,2\
4/21/20,4/19/20,91977,55\
4/21/20,4/19/20,91978,6\
4/21/20,4/19/20,92003,1\
4/21/20,4/19/20,92004,1\
4/21/20,4/19/20,92007,4\
4/21/20,4/19/20,92008,9\
4/21/20,4/19/20,92009,18\
4/21/20,4/19/20,92010,13\
4/21/20,4/19/20,92011,10\
4/21/20,4/19/20,92014,16\
4/21/20,4/19/20,92019,53\
4/21/20,4/19/20,92020,76\
4/21/20,4/19/20,92021,72\
4/21/20,4/19/20,92024,30\
4/21/20,4/19/20,92025,30\
4/21/20,4/19/20,92026,14\
4/21/20,4/19/20,92027,29\
4/21/20,4/19/20,92028,10\
4/21/20,4/19/20,92029,13\
4/21/20,4/19/20,92036,2\
4/21/20,4/19/20,92037,34\
4/21/20,4/19/20,92040,18\
4/21/20,4/19/20,92054,13\
4/21/20,4/19/20,92056,15\
4/21/20,4/19/20,92057,16\
4/21/20,4/19/20,92058,11\
4/21/20,4/19/20,92061,2\
4/21/20,4/19/20,92064,21\
4/21/20,4/19/20,92065,12\
4/21/20,4/19/20,92066,2\
4/21/20,4/19/20,92067,12\
4/21/20,4/19/20,92069,13\
4/21/20,4/19/20,92071,23\
4/21/20,4/19/20,92075,5\
4/21/20,4/19/20,92078,17\
4/21/20,4/19/20,92081,14\
4/21/20,4/19/20,92082,4\
4/21/20,4/19/20,92083,10\
4/21/20,4/19/20,92084,18\
4/21/20,4/19/20,92091,2\
4/21/20,4/19/20,92093,4\
4/21/20,4/19/20,92101,44\
4/21/20,4/19/20,92102,33\
4/21/20,4/19/20,92103,78\
4/21/20,4/19/20,92104,48\
4/21/20,4/19/20,92105,60\
4/21/20,4/19/20,92106,9\
4/21/20,4/19/20,92107,6\
4/21/20,4/19/20,92108,29\
4/21/20,4/19/20,92109,30\
4/21/20,4/19/20,92110,25\
4/21/20,4/19/20,92111,25\
4/21/20,4/19/20,92113,64\
4/21/20,4/19/20,92114,68\
4/21/20,4/19/20,92115,45\
4/21/20,4/19/20,92116,38\
4/21/20,4/19/20,92117,27\
4/21/20,4/19/20,92118,7\
4/21/20,4/19/20,92119,15\
4/21/20,4/19/20,92120,22\
4/21/20,4/19/20,92121,3\
4/21/20,4/19/20,92122,18\
4/21/20,4/19/20,92123,19\
4/21/20,4/19/20,92124,16\
4/21/20,4/19/20,92126,43\
4/21/20,4/19/20,92127,28\
4/21/20,4/19/20,92128,39\
4/21/20,4/19/20,92129,24\
4/21/20,4/19/20,92130,27\
4/21/20,4/19/20,92131,10\
4/21/20,4/19/20,92136,3\
4/21/20,4/19/20,92139,39\
4/21/20,4/19/20,92140,13\
4/21/20,4/19/20,92145,3\
4/21/20,4/19/20,92154,107\
4/21/20,4/19/20,92161,1\
4/21/20,4/19/20,92173,59\
4/21/20,4/19/20,Unknown,31\
4/21/20,4/19/20,Total,2325\
4/22/20,4/20/20,91901,3\
4/22/20,4/20/20,91902,22\
4/22/20,4/20/20,91905,2\
4/22/20,4/20/20,91910,73\
4/22/20,4/20/20,91911,106\
4/22/20,4/20/20,91913,47\
4/22/20,4/20/20,91914,14\
4/22/20,4/20/20,91915,31\
4/22/20,4/20/20,91916,1\
4/22/20,4/20/20,91932,16\
4/22/20,4/20/20,91935,6\
4/22/20,4/20/20,91941,18\
4/22/20,4/20/20,91942,37\
4/22/20,4/20/20,91945,19\
4/22/20,4/20/20,91950,71\
4/22/20,4/20/20,91963,2\
4/22/20,4/20/20,91977,59\
4/22/20,4/20/20,91978,7\
4/22/20,4/20/20,92003,1\
4/22/20,4/20/20,92004,1\
4/22/20,4/20/20,92007,4\
4/22/20,4/20/20,92008,9\
4/22/20,4/20/20,92009,18\
4/22/20,4/20/20,92010,13\
4/22/20,4/20/20,92011,10\
4/22/20,4/20/20,92014,16\
4/22/20,4/20/20,92019,54\
4/22/20,4/20/20,92020,80\
4/22/20,4/20/20,92021,77\
4/22/20,4/20/20,92024,30\
4/22/20,4/20/20,92025,31\
4/22/20,4/20/20,92026,14\
4/22/20,4/20/20,92027,29\
4/22/20,4/20/20,92028,10\
4/22/20,4/20/20,92029,13\
4/22/20,4/20/20,92036,2\
4/22/20,4/20/20,92037,34\
4/22/20,4/20/20,92040,18\
4/22/20,4/20/20,92054,12\
4/22/20,4/20/20,92056,14\
4/22/20,4/20/20,92057,16\
4/22/20,4/20/20,92058,13\
4/22/20,4/20/20,92059,1\
4/22/20,4/20/20,92061,2\
4/22/20,4/20/20,92064,21\
4/22/20,4/20/20,92065,12\
4/22/20,4/20/20,92066,2\
4/22/20,4/20/20,92067,12\
4/22/20,4/20/20,92069,13\
4/22/20,4/20/20,92071,27\
4/22/20,4/20/20,92075,5\
4/22/20,4/20/20,92078,17\
4/22/20,4/20/20,92081,14\
4/22/20,4/20/20,92082,5\
4/22/20,4/20/20,92083,10\
4/22/20,4/20/20,92084,19\
4/22/20,4/20/20,92091,2\
4/22/20,4/20/20,92093,4\
4/22/20,4/20/20,92101,46\
4/22/20,4/20/20,92102,34\
4/22/20,4/20/20,92103,78\
4/22/20,4/20/20,92104,48\
4/22/20,4/20/20,92105,62\
4/22/20,4/20/20,92106,9\
4/22/20,4/20/20,92107,6\
4/22/20,4/20/20,92108,31\
4/22/20,4/20/20,92109,31\
4/22/20,4/20/20,92110,26\
4/22/20,4/20/20,92111,25\
4/22/20,4/20/20,92113,68\
4/22/20,4/20/20,92114,71\
4/22/20,4/20/20,92115,46\
4/22/20,4/20/20,92116,38\
4/22/20,4/20/20,92117,29\
4/22/20,4/20/20,92118,7\
4/22/20,4/20/20,92119,15\
4/22/20,4/20/20,92120,22\
4/22/20,4/20/20,92121,3\
4/22/20,4/20/20,92122,19\
4/22/20,4/20/20,92123,19\
4/22/20,4/20/20,92124,16\
4/22/20,4/20/20,92126,45\
4/22/20,4/20/20,92127,28\
4/22/20,4/20/20,92128,39\
4/22/20,4/20/20,92129,24\
4/22/20,4/20/20,92130,29\
4/22/20,4/20/20,92131,10\
4/22/20,4/20/20,92136,3\
4/22/20,4/20/20,92139,42\
4/22/20,4/20/20,92140,13\
4/22/20,4/20/20,92145,3\
4/22/20,4/20/20,92154,132\
4/22/20,4/20/20,92161,1\
4/22/20,4/20/20,92173,66\
4/22/20,4/20/20,Unknown,31\
4/22/20,4/20/20,Total,2434}